Workbook

Sheet Sheet1
A2: district | B2: secondary_growth_фев 2022 | C2: secondary_growth_мар 2022 | D2: secondary_growth_апр 2022 | E2: secondary_growth_июн 2022 | F2: secondary_growth_июл 2022 | G2: secondary_growth_авг 2022 | H2: secondary_growth_сен 2022 | I2: secondary_growth_окт 2022 | J2: secondary_growth_ноя 2022 | K2: secondary_growth_дек 2022 | L2: secondary_growth_янв 2023 | M2: secondary_growth_фев 2023 | N2: secondary_growth_мар 2023 | O2: secondary_growth_апр 2023 | P2: secondary_growth_май 2023 | Q2: secondary_growth_июн 2023 | R2: secondary_growth_июл 2023 | S2: secondary_growth_авг 2023 | T2: secondary_growth_сен 2023 | U2: secondary_growth_окт 2023 | V2: secondary_growth_ноя 2023 | W2: secondary_growth_дек 2023 | X2: secondary_growth_янв 2024 | Y2: secondary_growth_фев 2024 | Z2: secondary_growth_мар 2024 | AA2: secondary_growth_апр 2024 | AB2: secondary_growth_май 2024 | AC2: secondary_growth_июн 2024 | AD2: secondary_growth_июл 2024 | AE2: secondary_growth_авг 2024 | AF2: secondary_growth_сен 2024 | AG2: secondary_growth_окт 2024 | AH2: secondary_growth_ноя 2024 | AI2: secondary_growth_дек 2024 | AJ2: secondary_growth_янв 2025 | AK2: secondary_growth_фев 2025
A3: Bektemir | B3: -0.52980373 | C3: 6.4707872 | D3: 3.3558315 | E3: -0.82295261 | F3: 7.480429 | G3: -2.3112251 | H3: 0.51996267 | I3: 7.1892726 | J3: 8.7739346 | K3: -6.2748221 | L3: 0.6513237 | M3: 5.0212584 | N3: 3.2029286 | O3: 0.78991345 | P3: 3.6273451 | Q3: 2.8621208 | R3: 2.9230685 | S3: 2.6151634 | T3: 1.2202693 | U3: 0.71843919 | V3: 0.55562864 | W3: -3.0412587 | X3: 3.6113025 | Y3: 4.4962019 | Z3: -0.746958 | AA3: 1.3194139 | AB3: -3.657982 | AC3: -0.98003859 | AD3: 2.101426 | AE3: -1.0686373 | AF3: 0.32288517 | AG3: -0.89624978 | AH3: 0.96809402 | AI3: 1.5174305 | AJ3: -1.9698823 | AK3: -1.2206483
A4: Chilonzor | B4: 1.4727879 | C4: 1.8435508 | D4: -0.11619933 | E4: 4.3783297 | F4: 0.2264317 | G4: 5.1998816 | H4: 1.1982978 | I4: 3.7964623 | J4: 2.99997 | K4: 0.87495975 | L4: 1.4387324 | M4: 3.8115936 | N4: 4.3813394 | O4: 1.5776762 | P4: 1.0750398 | Q4: 0.62654359 | R4: 1.9295273 | S4: 2.6100231 | T4: -3.0875818 | U4: 3.755298 | V4: 1.8885801 | W4: 2.0532286 | X4: 0.026619298 | Y4: 1.02457 | Z4: -0.55464675 | AA4: 0.94367821 | AB4: -0.82672925 | AC4: -2.3464316 | AD4: -1.4961305 | AE4: 0.17649348 | AF4: -0.14354189 | AG4: -4.3274468 | AH4: -0.86697528 | AI4: 2.6767693 | AJ4: -1.1436309 | AK4: 0.90877869
A5: Mirobod | B5: 1.3653827 | C5: 1.1323991 | D5: -2.6847596 | E5: -15.989425 | F5: 1.2036323 | G5: -0.50642272 | H5: 2.8359534 | I5: 2.9131138 | J5: 3.5926736 | K5: 0.13542123 | L5: 1.5322252 | M5: 4.2175581 | N5: 3.1845269 | O5: 3.7313582 | P5: -0.68430981 | Q5: 1.7342642 | R5: 1.0747484 | S5: 0.42612953 | T5: 2.5687194 | U5: -0.66694091 | V5: 1.4609579 | W5: 0.10004111 | X5: -0.51903597 | Y5: 3.644132 | Z5: 0.3025438 | AA5: 0.098754743 | AB5: -1.5272756 | AC5: -1.374741 | AD5: -0.24350945 | AE5: -0.57095022 | AF5: 0.077622226 | AG5: 0.75038786 | AH5: -1.4040976 | AI5: -0.17263127 | AJ5: -1.699277 | AK5: -0.19110058
A6: Mirzo-Ulugbek | B6: -0.18004725 | C6: 3.5907833 | D6: 0.44987159 | E6: 2.3119068 | F6: 2.3716515 | G6: -0.13974 | H6: 3.7695395 | I6: 2.6424054 | J6: 1.4971426 | K6: 2.5202979 | L6: -0.78171036 | M6: 4.7269389 | N6: 4.2313294 | O6: 1.0198733 | P6: 1.2499961 | Q6: 0.96458488 | R6: 2.2077557 | S6: 1.2829296 | T6: -0.69380076 | U6: 3.7812324 | V6: 1.4176203 | W6: 1.2569903 | X6: -0.196217 | Y6: 1.3672364 | Z6: -0.29094074 | AA6: 0.64210341 | AB6: 0.076036476 | AC6: -1.9501621 | AD6: -0.18154966 | AE6: -0.48392507 | AF6: -1.3874091 | AG6: -2.6126274 | AH6: -1.6679401 | AI6: 1.6104141 | AJ6: -1.7629575 | AK6: -0.75017611
A7: Olmazor | B7: 1.964868 | C7: 1.9585993 | D7: 0.24347039 | E7: 4.837878 | F7: 2.5014711 | G7: 2.4117155 | H7: 2.926806 | I7: 3.0704063 | J7: 1.2101378 | K7: 1.7971231 | L7: 2.6929627 | M7: 4.1480228 | N7: 2.500275 | O7: 4.1606339 | P7: 2.1861436 | Q7: -0.36774885 | R7: 0.81117551 | S7: 0.91774868 | T7: 0.2404759 | U7: 1.6958805 | V7: 0.41825582 | W7: -0.54272378 | X7: 1.0735959 | Y7: 1.9218557 | Z7: 0.82726958 | AA7: -0.097957403 | AB7: -1.1901377 | AC7: -0.75375645 | AD7: -1.0556408 | AE7: -0.58092424 | AF7: 0.38308449 | AG7: -0.26123385 | AH7: -0.17352349 | AI7: -0.35621655 | AJ7: 1.0049068 | AK7: 0.28023865
A8: Sergeli | B8: 1.1656533 | C8: 1.0435232 | D8: 1.6568566 | E8: 1.2394372 | F8: 1.0378742 | G8: 3.6534482 | H8: 3.7913066 | I8: 3.8584417 | J8: -0.12570913 | K8: -0.12570913 | L8: 1.7029261 | M8: 4.8052062 | N8: 1.9482823 | O8: 3.1148009 | P8: -0.066247882 | Q8: 1.5662454 | R8: 3.3142369 | S8: -0.12630521 | T8: 1.6553333 | U8: 1.0171059 | V8: 0.33635528 | W8: 0.94801703 | X8: 0.77295267 | Y8: 0.26503105 | Z8: 1.9956257 | AA8: -0.96147149 | AB8: -0.33798346 | AC8: -0.57308042 | AD8: -1.1106441 | AE8: -1.5272122 | AF8: 0.91746729 | AG8: -1.6878975 | AH8: 1.0388493 | AI8: -0.30500427 | AJ8: 0.72116196 | AK8: -0.95419042
A9: Shayhontohur | B9: -1.5358425 | C9: 0.94000063 | D9: 2.1198523 | E9: 6.4559795 | F9: -0.25796911 | G9: 2.0704045 | H9: 1.6166315 | I9: 5.3616098 | J9: 1.2836359 | K9: 1.4893709 | L9: 2.079495 | M9: 1.250918 | N9: 3.3387206 | O9: 1.9013881 | P9: 2.6419161 | Q9: 1.0231 | R9: 3.8058209 | S9: 0.52210133 | T9: 1.2178438 | U9: 1.2699022 | V9: 2.2067573 | W9: -1.3233259 | X9: 1.3610444 | Y9: 1.447358 | Z9: 0.90529902 | AA9: -1.7014269 | AB9: -0.68178298 | AC9: -0.29169624 | AD9: -0.51263028 | AE9: -1.3028982 | AF9: 0.35835656 | AG9: 0.28071527 | AH9: 1.3972451 | AI9: 0.2386872 | AJ9: -1.7658998 | AK9: 0.94398729
A10: Uchtepa | B10: 2.827317 | C10: 0.080826785 | D10: 0.50843549 | E10: 1.9974208 | F10: 0.56470489 | G10: 1.3245387 | H10: 3.3101397 | I10: 3.7442128 | J10: 3.4446687 | K10: 2.2950396 | L10: 0.77746343 | M10: 2.1164438 | N10: 3.6401982 | O10: 1.5807192 | P10: 1.7472064 | Q10: 1.7276018 | R10: 0.81974303 | S10: 1.9704705 | T10: 1.2440087 | U10: 0.27596398 | V10: 1.3363885 | W10: 1.8538484 | X10: -0.35845114 | Y10: 1.547455 | Z10: -1.0128791 | AA10: 1.5978307 | AB10: -0.48276542 | AC10: -1.1892506 | AD10: -1.2911539 | AE10: -1.2187573 | AF10: -1.0611925 | AG10: 0.36532214 | AH10: -0.34895329 | AI10: 0.88474904 | AJ10: -0.95619753 | AK10: -0.73611575
A11: Yakkasaroy | B11: 3.3248181 | C11: -3.6225243 | D11: 2.9519034 | E11: 6.4482079 | F11: -1.4383471 | G11: 1.2870312 | H11: 2.9555518 | I11: 3.3298025 | J11: 3.0690468 | K11: 2.4876003 | L11: 2.3925018 | M11: 1.9704617 | N11: 2.9982547 | O11: 4.2529885 | P11: 0.76426703 | Q11: 0.43446679 | R11: 1.0820957 | S11: 2.3138979 | T11: 1.071345 | U11: 2.6948102 | V11: -0.86826386 | W11: -1.3227371 | X11: 1.6070553 | Y11: 1.9174108 | Z11: -0.063421025 | AA11: 0.18852603 | AB11: -0.32615425 | AC11: 0.028827284 | AD11: -1.0556992 | AE11: -0.20319999 | AF11: 0.52809932 | AG11: -1.309855 | AH11: -1.2851156 | AI11: -0.76547354 | AJ11: 1.6875814 | AK11: -0.98553968
A12: Yashnobod | B12: -0.81848571 | C12: 3.2547192 | D12: 0.43596286 | E12: -3.4870423 | F12: 0.40280401 | G12: 3.5780377 | H12: 2.786272 | I12: 6.4041354 | J12: 3.4853201 | K12: -0.83433183 | L12: 2.0113141 | M12: 3.3171415 | N12: 1.3836964 | O12: 2.6920237 | P12: 3.504383 | Q12: -0.58747386 | R12: 2.1802728 | S12: 2.167226 | T12: 0.41059529 | U12: 3.1332397 | V12: -0.066199983 | W12: 0.23360546 | X12: 2.4794025 | Y12: 1.8025876 | Z12: -0.53662032 | AA12: 0.24353427 | AB12: -0.40203723 | AC12: -1.2141256 | AD12: -1.2783717 | AE12: -0.57501862 | AF12: -1.123337 | AG12: -0.51349622 | AH12: 0.14831937 | AI12: -1.1999464 | AJ12: 1.1427416 | AK12: -1.4214366
A13: Yunusobod | B13: -1.0598574 | C13: 2.6179965 | D13: 4.6002221 | E13: 6.670528 | F13: 2.1007386 | G13: 4.5378933 | H13: 1.3479239 | I13: 4.7152425 | J13: 0.31629528 | K13: 1.5511175 | L13: 3.7672336 | M13: 1.9131802 | N13: 2.7002071 | O13: -0.13828553 | P13: 3.9082521 | Q13: 1.1467949 | R13: 0.75807253 | S13: 1.3594824 | T13: 0.16183347 | U13: 3.5183002 | V13: 0.73855526 | W13: -1.8238453 | X13: 2.7491082 | Y13: 0.19711375 | Z13: -1.2374577 | AA13: 1.4674422 | AB13: -0.95949109 | AC13: -0.40158725 | AD13: -0.88378286 | AE13: -1.3304769 | AF13: -0.57095692 | AG13: -1.5666938 | AH13: 0.31055206 | AI13: 0.9968879 | AJ13: -2.1203021 | AK13: -0.16303639
A14: Overall for Tashkent | B14: =+SUMPRODUCT(B3:B13,weight_district!$B$2:$B$12) -> 0.68430382 | C14: =+SUMPRODUCT(C3:C13,weight_district!$B$2:$B$12) -> 1.520875 | D14: =+SUMPRODUCT(D3:D13,weight_district!$B$2:$B$12) -> 1.1069506 | E14: =+SUMPRODUCT(E3:E13,weight_district!$B$2:$B$12) -> 1.547611 | F14: =+SUMPRODUCT(F3:F13,weight_district!$B$2:$B$12) -> 1.0211238 | G14: =+SUMPRODUCT(G3:G13,weight_district!$B$2:$B$12) -> 2.3560543 | H14: =+SUMPRODUCT(H3:H13,weight_district!$B$2:$B$12) -> 2.5788964 | I14: =+SUMPRODUCT(I3:I13,weight_district!$B$2:$B$12) -> 4.0522267 | ... AK14: =+SUMPRODUCT(AK3:AK13,weight_district!$B$2:$B$12) -> -0.30716818
A15: 100 | B15: =+A15*(1+B14/100) -> 100.6843 | C15: =+B15*(1+C14/100) -> 102.21559 | D15: =+C15*(1+D14/100) -> 103.34706 | E15: =+D15*(1+E14/100) -> 104.94647 | F15: =+E15*(1+F14/100) -> 106.01811 | G15: =+F15*(1+G14/100) -> 108.51595 | H15: =+G15*(1+H14/100) -> 111.31446 | I15: =+H15*(1+I14/100) -> 115.82518 | ... AK15: =+AJ15*(1+AK14/100) -> 141.21478
AK16: =+AK15/Y15-1 -> -0.051356079
A17: district | B17: new_growth_фев 2022 | C17: new_growth_мар 2022 | D17: new_growth_апр 2022 | E17: new_growth_июн 2022 | F17: new_growth_июл 2022 | G17: new_growth_авг 2022 | H17: new_growth_сен 2022 | I17: new_growth_окт 2022 | J17: new_growth_ноя 2022 | K17: new_growth_дек 2022 | L17: new_growth_янв 2023 | M17: new_growth_фев 2023 | N17: new_growth_мар 2023 | O17: new_growth_апр 2023 | P17: new_growth_май 2023 | Q17: new_growth_июн 2023 | R17: new_growth_июл 2023 | S17: new_growth_авг 2023 | T17: new_growth_сен 2023 | U17: new_growth_окт 2023 | V17: new_growth_ноя 2023 | W17: new_growth_дек 2023 | X17: new_growth_янв 2024 | Y17: new_growth_фев 2024 | Z17: new_growth_мар 2024 | AA17: new_growth_апр 2024 | AB17: new_growth_май 2024 | AC17: new_growth_июн 2024 | AD17: new_growth_июл 2024 | AE17: new_growth_авг 2024 | AF17: new_growth_сен 2024 | AG17: new_growth_окт 2024 | AH17: new_growth_ноя 2024 | AI17: new_growth_дек 2024 | AJ17: new_growth_янв 2025 | AK17: new_growth_фев 2025
A18: Bektemir | B18: -3.4492974 | C18: -1.391648 | D18: -0.35252383 | E18: 21.083013 | F18: -10.143015 | G18: -11.768776 | H18: 16.083009 | I18: 12.832083 | J18: 9.5490213 | K18: -2.4098851 | L18: -6.8498061 | M18: -1.3064096 | N18: -3.085865 | O18: 3.5455451 | P18: -2.5434424 | Q18: -0.18493824 | R18: 1.4387678 | S18: 3.8351164 | T18: 1.4028623 | U18: -4.0050949 | V18: 1.6767146 | W18: 4.1359624 | X18: 4.8204631 | Y18: 7.3479219 | Z18: 13.784835 | AA18: 1.1729014 | AB18: 2.724161 | AC18: 1.4057577 | AD18: 1.1314792 | AE18: -1.836289 | AF18: -1.0082599 | AG18: 0.22591127 | AH18: 0.18120111 | AI18: -1.5419251 | AJ18: 0.81962259 | AK18: 2.1621689
A19: Chilonzor | B19: -4.1050508 | C19: 13.903054 | D19: -8.6290711 | E19: -1.2071209 | F19: 1.2331653 | G19: 0.95684715 | H19: 3.6291594 | I19: 2.9818676 | J19: 2.1614969 | K19: 1.4240921 | L19: 1.4211737 | M19: -1.4158876 | N19: 5.7114618 | O19: 0.67232172 | P19: 2.6461902 | Q19: 0.37674188 | R19: 0.081043761 | S19: 3.4579817 | T19: -1.1717721 | U19: -2.325384 | V19: 1.4816605 | W19: 4.6160938 | X19: 2.4241758 | Y19: 1.8913993 | Z19: 0.12770299 | AA19: 0.84572024 | AB19: 0.83614975 | AC19: -0.38271511 | AD19: -0.91908508 | AE19: -1.407435 | AF19: -2.3640356 | AG19: -1.4108181 | AH19: 1.0964173 | AI19: -1.8422091 | AJ19: 4.389692 | AK19: 2.0312561
A20: Mirobod | B20: 12.79518 | C20: 4.0251693 | D20: 15.737502 | E20: 6.2638599 | F20: -0.03435886 | G20: 0.45173848 | H20: 1.5833713 | I20: 6.165802 | J20: -3.518348 | K20: 2.6180581 | L20: 4.5574038 | M20: 9.3171488 | N20: -0.076742614 | O20: 1.7947896 | P20: 3.1139825 | Q20: 1.2580767 | R20: -0.24979822 | S20: 8.9793029 | T20: 7.814163 | U20: -4.9514446 | V20: 3.1044215 | W20: -2.9454951 | X20: 1.9227495 | Y20: -0.561624 | Z20: -1.8261935 | AA20: -0.057809216 | AB20: 1.5765261 | AC20: -1.30019 | AD20: -4.2637613 | AE20: 0.31785948 | AF20: 2.8717364 | AG20: -9.8487819 | AH20: -7.7901855 | AI20: 4.3540229 | AJ20: 2.0480308 | AK20: 5.6337102
A21: Mirzo-Ulugbek | B21: 2.2189301 | C21: -0.99973639 | D21: 5.7793002 | E21: 13.119005 | F21: 2.1709197 | G21: 2.6650569 | H21: 2.5889545 | I21: 4.5608113 | J21: 0.46646674 | K21: -2.5546812 | L21: 4.0676609 | M21: 4.3195219 | N21: 3.5012555 | O21: 2.9747926 | P21: 0.73547709 | Q21: 1.0128637 | R21: 2.0342362 | S21: 1.478857 | T21: -0.35370665 | U21: 3.9016404 | V21: 3.6915527 | W21: -1.1307727 | X21: -1.2002443 | Y21: 2.3193587 | Z21: -1.2396997 | AA21: 0.4549056 | AB21: -0.83220043 | AC21: -0.11471473 | AD21: -0.99851065 | AE21: -0.42966862 | AF21: 0.61927514 | AG21: -0.034868268 | AH21: -6.7798909 | AI21: -1.3504962 | AJ21: 1.2931596 | AK21: 2.6696429
A22: Olmazor | B22: -0.8386807 | C22: 3.3424434 | D22: -0.42137289 | E22: 6.9579995 | F22: 9.4172524 | G22: 12.121324 | H22: -2.4415391 | I22: 7.1041615 | J22: 2.0719657 | K22: -14.446949 | L22: 3.9025591 | M22: -1.802421 | N22: 2.1754848 | O22: 0.59630734 | P22: 3.4250127 | Q22: 2.1963575 | R22: -0.95544705 | S22: 0.03444876 | T22: -1.8926496 | U22: 1.3553447 | V22: 1.7917512 | W22: 4.2717214 | X22: -0.56752806 | Y22: 0.70954391 | Z22: -1.9050934 | AA22: 0.29036638 | AB22: 0.0013647055 | AC22: -0.02754018 | AD22: -0.37259063 | AE22: -0.32690886 | AF22: 3.2910465 | AG22: -5.0208227 | AH22: 3.7632923 | AI22: -0.29153593 | AJ22: -1.5120722 | AK22: 1.4098194
A23: Sergeli | B23: 2.0012754 | C23: 1.5280861 | D23: 1.8525971 | E23: -13.502931 | F23: 0.8679551 | G23: 1.8979676 | H23: 4.8361697 | I23: 3.8861366 | J23: 4.0609333 | K23: -1.2029008 | L23: 1.863713 | M23: 3.2159144 | N23: 2.6625476 | O23: 0.20017436 | P23: 1.6076315 | Q23: -0.17338759 | R23: 1.9689365 | S23: 0.24226294 | T23: 2.9713874 | U23: -2.4007722 | V23: -2.7600912 | W23: 4.776373 | X23: 2.8874097 | Y23: -1.1230056 | Z23: 0.22244408 | AA23: 1.049687 | AB23: -1.0359172 | AC23: -1.3970916 | AD23: -0.56683753 | AE23: -1.3045646 | AF23: -1.252737 | AG23: 0.99650217 | AH23: 0.38452984 | AI23: -0.90438658 | AJ23: 1.012665 | AK23: -0.20313486
A24: Shayhontohur | B24: 3.6863815 | C24: -8.2954375 | D24: 16.411328 | E24: 19.094586 | F24: 0.83186205 | G24: 1.1803706 | H24: 1.9015844 | I24: 3.705945 | J24: -4.7061324 | K24: 10.022415 | L24: 6.7461563 | M24: -0.15991897 | N24: -0.82625538 | O24: 4.9382859 | P24: 1.1677576 | Q24: 4.1252571 | R24: 3.744964 | S24: -0.68223886 | T24: 7.2290886 | U24: -7.591996 | V24: -2.8136203 | W24: -3.2266588 | X24: 4.2036092 | Y24: -2.0021388 | Z24: 3.5104694 | AA24: 1.0905524 | AB24: -4.4084539 | AC24: -0.70923859 | AD24: -0.26384852 | AE24: 1.1882226 | AF24: -0.54248394 | AG24: 5.7481097 | AH24: -3.4533844 | AI24: -8.8379041 | AJ24: -6.9096803 | AK24: 4.0525812
A25: Uchtepa | B25: 2.8924362 | C25: 2.0294592 | D25: -2.4027874 | E25: 0.14383644 | F25: -0.7435954 | G25: 4.4813028 | H25: 5.6162509 | I25: 2.2795932 | J25: 28.783048 | K25: -18.520779 | L25: 1.7089379 | M25: 0.31819253 | N25: -0.35811273 | O25: -0.35579174 | P25: 4.7611922 | Q25: 1.5509653 | R25: -3.3559462 | S25: 4.0547903 | T25: 12.133847 | U25: -2.7455007 | V25: -0.38064419 | W25: 11.250072 | X25: -9.9352482 | Y25: 5.4232523 | Z25: -1.367514 | AA25: 11.89471 | AB25: 1.9344474 | AC25: -12.482476 | AD25: -0.36859942 | AE25: -3.9615204 | AF25: -1.3985363 | AG25: -0.22548389 | AH25: -4.4614034 | AI25: 3.7797748 | AJ25: -0.45581899 | AK25: -1.7345248
A26: Yakkasaroy | B26: -4.6099093 | C26: 4.9695484 | D26: 3.8456522 | E26: -2.7101477 | F26: -0.35293695 | G26: 1.1329515 | H26: 2.0479716 | I26: 3.3971761 | J26: 0.7622829 | K26: 0.45143785 | L26: 1.628967 | M26: 1.8823221 | N26: 0.75835938 | O26: 0.93857356 | P26: 4.3357649 | Q26: 0.69971054 | R26: 1.6961866 | S26: 2.486985 | T26: 2.5014203 | U26: 1.503713 | V26: 2.5059725 | W26: -2.9022195 | X26: 4.0533898 | Y26: -4.0682637 | Z26: 1.1616892 | AA26: -0.47647184 | AB26: 0.14867909 | AC26: -1.5742625 | AD26: 0.89099669 | AE26: 0.24351336 | AF26: 4.1886256 | AG26: -0.884058 | AH26: -2.0387677 | AI26: 0.34109952 | AJ26: 0.64505294 | AK26: 4.1193925
A27: Yashnobod | B27: 12.788601 | C27: -3.37971 | D27: 2.4312757 | E27: -13.636221 | F27: 1.6507192 | G27: 2.8839505 | H27: -0.093272709 | I27: 5.5660647 | J27: 3.4666731 | K27: 0.8194091 | L27: -0.54044233 | M27: 4.6000303 | N27: 1.218526 | O27: 0.29083904 | P27: 2.5596714 | Q27: -0.80824843 | R27: 2.9138834 | S27: 1.3432787 | T27: 3.3829909 | U27: 1.8386974 | V27: -0.1278868 | W27: 0.36473341 | X27: 2.2122985 | Y27: 0.53275653 | Z27: 0.10766543 | AA27: -0.38718726 | AB27: -0.28882548 | AC27: -0.85137536 | AD27: -0.36502734 | AE27: 0.31832254 | AF27: -1.8868929 | AG27: -3.1190325 | AH27: -1.8826888 | AI27: 2.4475457 | AJ27: 2.4035971 | AK27: 0.81336095
A28: Yunusobod | B28: -5.376101 | C28: 0.11586879 | D28: -2.95318 | E28: 14.523571 | F28: 2.8980761 | G28: 8.087219 | H28: 1.4516158 | I28: 5.3494242 | J28: 1.887442 | K28: -0.22949639 | L28: 0.88121046 | M28: 2.5141109 | N28: 3.8909828 | O28: 1.3067069 | P28: -1.0546111 | Q28: 2.3538488 | R28: 1.4822843 | S28: 1.6481562 | T28: 5.9911456 | U28: -6.2774991 | V28: 2.9748545 | W28: 1.215545 | X28: 1.2415186 | Y28: -0.93187695 | Z28: -0.36521222 | AA28: 1.1789218 | AB28: 0.26006366 | AC28: -0.91835159 | AD28: 0.35526462 | AE28: -0.70900288 | AF28: 2.3297369 | AG28: -9.5070279 | AH28: 2.4068277 | AI28: -3.2182925 | AJ28: 0.43539449 | AK28: 2.0234792
A29: Overall for Tashkent | B29: =+SUMPRODUCT(Sheet1!B18:B28,weight_district!$C$2:$C$12) -> 2.3365069 | C29: =+SUMPRODUCT(Sheet1!C18:C28,weight_district!$C$2:$C$12) -> 1.0124676 | D29: =+SUMPRODUCT(Sheet1!D18:D28,weight_district!$C$2:$C$12) -> 4.157626 | E29: =+SUMPRODUCT(Sheet1!E18:E28,weight_district!$C$2:$C$12) -> 3.439171 | F29: =+SUMPRODUCT(Sheet1!F18:F28,weight_district!$C$2:$C$12) -> 1.487099 | G29: =+SUMPRODUCT(Sheet1!G18:G28,weight_district!$C$2:$C$12) -> 2.9590796 | H29: =+SUMPRODUCT(Sheet1!H18:H28,weight_district!$C$2:$C$12) -> 2.1738916 | I29: =+SUMPRODUCT(Sheet1!I18:I28,weight_district!$C$2:$C$12) -> 4.8797086 | ... AK29: =+SUMPRODUCT(Sheet1!AK18:AK28,weight_district!$C$2:$C$12) -> 2.4835347
A30: 100 | B30: =+A30*(1+B29/100) -> 102.33651 | C30: =+B30*(1+C29/100) -> 103.37263 | D30: =+C30*(1+D29/100) -> 107.67048 | E30: =+D30*(1+E29/100) -> 111.37345 | F30: =+E30*(1+F29/100) -> 113.02968 | G30: =+F30*(1+G29/100) -> 116.37432 | H30: =+G30*(1+H29/100) -> 118.90417 | I30: =+H30*(1+I29/100) -> 124.70635 | ... AK30: =+AJ30*(1+AK29/100) -> 149.39802
A32: Total for Tashkent | B32: =+B14*weight_market!$B$2+Sheet1!B29*weight_market!$B$3 -> 1.3507199 | C32: =+C14*weight_market!$B$2+Sheet1!C29*weight_market!$B$3 -> 1.3158088 | D32: =+D14*weight_market!$B$2+Sheet1!D29*weight_market!$B$3 -> 2.3374405 | E32: =+E14*weight_market!$B$2+Sheet1!E29*weight_market!$B$3 -> 2.3105717 | F32: =+F14*weight_market!$B$2+Sheet1!F29*weight_market!$B$3 -> 1.2090749 | G32: =+G14*weight_market!$B$2+Sheet1!G29*weight_market!$B$3 -> 2.5992846 | H32: =+H14*weight_market!$B$2+Sheet1!H29*weight_market!$B$3 -> 2.4155377 | I32: =+I14*weight_market!$B$2+Sheet1!I29*weight_market!$B$3 -> 4.3859915 | ... AK32: =+AK14*weight_market!$B$2+Sheet1!AK29*weight_market!$B$3 -> 0.81846181

Sheet weight_district
B1: secondart | C1: primary
A2: Bektemir | B2: 0.013343871 | C2: 0.020751771
A3: Chilonzor | B3: 0.10866268 | C3: 0.062265568
A4: Mirobod | B4: 0.094499011 | C4: 0.11455777
A5: Mirzo-Ulugbek | B5: 0.11830792 | C5: 0.13872203
A6: Olmazor | B6: 0.090703313 | C6: 0.066388233
A7: Sergeli | B7: 0.092989398 | C7: 0.11469366
A8: Shayhontohur | B8: 0.096166345 | C8: 0.094159815
A9: Uchtepa | B9: 0.070492522 | C9: 0.013426862
A10: Yakkasaroy | B10: 0.08974659 | C10: 0.12357739
A11: Yashnobod | B11: 0.10588957 | C11: 0.12396709
A12: Yunusobod | B12: 0.11919878 | C12: 0.12748982

Sheet weight_market
A2: secondary | B2: 0.59665
A3: primary | B3: =1-B2 -> 0.40335
